{"cameraMode":{"drawMode":0,"name":"Shaded","section":"Shading Mode"},"sceneLighting":false,"audioPlay":false,"sceneViewState":{"m_AlwaysRefresh":false,"showFog":true,"showSkybox":true,"showFlares":true,"showImageEffects":true,"showParticleSystems":true,"showVisualEffectGraphs":true,"m_FxEnabled":true},"in2DMode":false,"pivot":{"x":-204.95631408691407,"y":-30.963150024414064,"z":-578.2298583984375},"rotation":{"x":-0.0019712045323103668,"y":-0.9940096139907837,"z":0.10777226835489273,"w":-0.018197448924183847},"size":408.3321228027344,"orthographic":false}